comment,label,human_reviewed_label
Please see the attached Reply Comments from the Entertainment Software Association.,Neutral,
"My 10 year old child was a victim of an online public information search company where my child's name and address was publically available on the web (WhitePages.com, Spokeo.com, etc.). More data on my child could be bought for a price $1 - $20. I was shocked as to how this may have happened and had to go to great lengths to have the Personally Identifiable Information removed from many similar websites. This took a lot of time and cost me in lost work hours. Many parents would not have the luxury, time, or knowledge on how to remove this data, nor should we expect them to. The Public has no time to monitor every aspect of their personal data, we expect the government to protect us from corporate abuse of our privacy. The American Public expects that PII of a minor child could never be revealed publically online or bought for a price in the first place. How was the data available? Why could someone buy/sell more information about my child? Through a children's magazine subscription that was ""sold"" to a paying partner? Through school? Through a Dr's office? Through apps? Corporations and computer programmers will cry that they ""need"" the data for their livelihood to ""make thing better"" for us but what about our privacy? The buying and selling of Personally Identifiable Information is shared with so many companies it makes it hard to know who to punish. I think I speak for most families when I say I do not have the time or law education to fully understand this bill but to have had this experience tells me the COPPR is not working for the online privacy of children. Please protect our children from these companies who profit from our children's data. The European Union has very strict rules concerning children, perhaps we can learn about what is working for them in this area because it's does not working for us in the United States. We cannot expect corporations to monitor themselves considering so much money can be made by selling children's data. Thank you.",Negative,
"I had my identity stolen by a hospital worker while fighting for my life in a cancer facility. I was able to catch this thief and force the first and only federal prosecution of its kind under HIPAA (the patient privacy act). However this was only the beginning of my nightmare. After the criminal was prosecuted, the banks and CRAs continued to report fraudulent information on my credit reports for over two years, violating the FCRA, FACTA etc. Information pertaining to the criminal is still associated with my records over 4 years later. One of the main problems is that much of the terminology in the FCRA and other statutes is vague and left to the CRAs and credit issuing banks to define, and they do so in terms that benefit them but are severely detrimental to the American consumer. The refusal of the banks' and CRAs to actually &quot;investigate&quot; the the obvios fraud items on my report after they had actually supplied info to the FBI for the prosecution in my case, caused me to be rejected for 2 mortages and put me through years of frustration. I am now involved in a legal action in San Francisco Federal Court to force change in the credit industry. I have already forced one CRA to agree on demands regarding the responding to and the cleaning up of identity theft attacks and the devastating fraudulent information it leaves on consumers' credit reports. I have also succeded in creating a neew category of consumer called a &quot;Medically incapacitated Consumer&quot; which should be considered when establishing new industry guidelines for responding to an identity theft victim. I highly recommed that these changes be legislated into law I have multiple suggestions for changes in the credit industry that would help prevent millions of victims from having their lives turned upside down like mine was. Please feel free to contact me for further information and testimony. I support this survey fully and offer my assistance in any way possible. I have presented as a speaker about my fight to change the credit industry for the US Attorney's Office, large conferences, multiple financial institutions, and on appearances on numerous national TV and radio shows including CNN, NPR, Dateline NBC, Montel, NBC, ABC, and Fox News etc. I am also a member of the FBI Infragard civilian network. Please fell free to contact me at anytime for more information. Eric Drew",Negative,
"The concerns for Loot Boxes should be looking toward Gambling and the components that make up its psychological profile and effects to establish relevancy vs deviation between the two things, especially as it relates to children, adolescents, and development. I do believe there are psychological reasons why gambling is illegal for minors, not only because of their general lack of overall wealth and the increased likelihood for undue risks but because of the potential for addiction that it has? But other people would be better to highlight those facets and I hope the FTC looks into those issues seriously. Likewise, the difference between a digital-only, non-tradeable good should be considered versus the physical, resellable good of a physical good (i.e., a baseball card, a toy). Games Terms of Service explicitly disallow selling of in-game goods and services (leveling up your character for you, trading an in-game item for real world money/etc), and have and will continue to shut down people's accounts, and lock them out of service or ever participating in that game, when caught. However, in the same environment, it is not illegal to take your baseball card and sell it to another person, even if the creator company of that baseball card doesn't want you to. They have no recourse (legal or otherwise) to stop you from doing that, because it is ""your"" property. But in the digital space, the creator of the game has absolute say; if they say you can't trade this rare item you just found for someone else's real-world (or even in-game!) money, and ban you for it, you have no consumer protection, nor any legal opportunity to fight that undue punishment as a consumer. Likewise, when it comes to gambling, I suggest you look toward other countries: China now forces games with loot boxes (like Overwatch, a game by blizzard entertainment) to disclose percentage chances for items and objects of specific rarities (common is the most likely type of item you will get, followed by 'rare' quality, followed by mythic quality, with legendary quality being the most rare). Allowing (and keeping) the consumer aware of their chances to obtain items by quality allows them to decided with a more informed opinion on whether they do or don't want to spend money to try and acquire specific items from specific qualities, and should be a bare minimum for every single game.",Neutral,
"FTC PUBLIC COMMENTS: Question #1 What are the effects of COPAs in terms of price, cost, and quality of healthcare services, access to healthcare; innovation of healthcare delivery models, or other dimensions of healthcare competition? How are these effects measured? PRICE: While Ballad Health has been restricted from overall price increases above the standard annual percentage increase patients previously experienced, they have been innovative in other ways to increase prices/costs to patients. Among these are: Facility Fees, Minimal Payment Arrangement Amounts, Selective Medication Offerings, Medically Unnecessary Transports, etc. Facility Fee: This fee was not supposed to be charge to active cancer patients at all or current patients for 6 months when Ballad moved to the new location on Indian Path campus March 4th. However, both are receiving these charges. Note If an active cancer patient stops the current regimen and starts a new one, they are considered a new patient and charged this fee. Sleep Center Facility Fees Ballad moved the Sleep Center onto the Holston Valley Medical Center Campus inside Wilcox Hall and now charges a $70 facility to those patients as well. All of these fees are new and this is just an example of how prices have increased to patients with the addition of these fees. 2. Payment Arrangement Minimums Patients are now being told that Ballad Health cannot accept a payment arrangement of less than $50 per month PER Account. 3. Selective Medication Availability Specific example of this would be with the new Cancer/Infusion Therapy Center. Previously, patients were given the medication prescribed by their physician regardless of its costs and if the patient was inpatient or outpatient. Ballad Health has changed this practice. Heres an example: Teresa Allgood was prescribed and had been receiving Infed injections from 2014 through summer 2018 at the Allendale facility for an average cost of $3500-4100 per injection. In the summer of 2018, she was told her Infed was no longer available to her. At that time, Ballad Health made the choice to only offer Infed to those who were inpatient because there is a set bundled rate at which they are compensated at itis more financially beneficial for them to include a low-cost drug in this bundle. Outpatient status were now required to receive Feraheme injections as a replacement. This medication required two injections instead of one administered one week apart. Her bill for Feraheme was $13,449. After the move from Allendale to the Indian Path Campus March 4th, she was told Feraheme would no longer be available to her and that she must now use Injectafer. She has yet to be able to get a bill for this injection administered in March 2019. However, the bill I have seen for this injection is $51K from a similar patient. Additional Note: She has experienced a significant reaction to this unnecessary change in her medications and her condition has been worse in the few months than in years. 4. Medically Unnecessary Transports Due to severe staffing losses and shortages, patients are being transported to sister facilities often after being to the original facility. Because these are not medically necessary transports, insurance will not cover the bill, and it is passed on to the patient at a cost of $500-1500 on average. 5. Increased patient and family costs when high risk facility on diversion necessitating transport to facility at least 2 hours or more away. Also cost increase for patients on the opposite end of the service area needing high level care; face higher ambulance fees. Also these patients face possible worsening of conditions due to increase transport times. I am talking about Ballad Health Care plans to decrease level of Trauma and Nursery. These plans carry the potential for increase costs and decrease access to care NICU Increases in NAS babies r/t high drug use in this area carry the potential to overrun only one area NICU. This would cause mothers and babies to be separated as much as 2 hours away if the only NICU is on diversion. As an OB nurse, I have seen both area NICUs on diversion at the same time. Trauma level With Eastman Chemical Company, Domtar, and Bristol Motor Speedway in the service area, a major disaster would be too much for one high level trauma facility to handle. With increase in world terror, this risk increases. Increase transport times due to diversion means possible lost lives. I have also experienced times when Ive seen both high risk trauma facilities on diversion at the same time.",Negative,
Dont make youtube destroy sometime everybody like youtube so dont destroy it please,Negative,
"July 30, 2019 As the medical director of a hospitalist program at the intersection of rural Tennessee and Virginia, I have a unique perspective on the devastation caused by the opioid and addiction crises in this country, as well as the obstacles to effective solutions. While the resulting devastation of lives, families and businesses knows no socioeconomic or geographic boundaries, there are disproportionate barriers that people in rural communities face when it comes to addiction treatment. Ballad Health is partnering with East Tennessee State University (ETSU), Milligan College, Emory & Henry College and other community partners to remove these barriers. After last years merger between Wellmont and Mountain States, ETSU was able to partner with Ballad Health to create a new fellowship program in addiction medicine. Hospitals are uniquely positioned to play a critical role in stemming the tide of opioid addiction, but the effort requires more highly trained and certified providers available at these reachable moments in the care path. As part of its commitment to expand education and training in the region, the newly-merged Ballad Health is set to fund any un-reimbursed costs of this fellowship program, which over a 10-year period could top more than $2.5 million. In May of this year, Milligan College announced its own partnership with Ballad Health to create a training program in addictions counseling, helping to round out education for the continuum of care in addiction treatment by adding a pipeline of counseling professionals to complement the medical professionals coming through the ETSU program. Ballad Health is also working to strengthen the pipeline of medical professionals who can help extend the reach of physician in primary care and other settings. I have personally participated in training for physician assistants through the Emory & Henry College School of Health Sciences, and their students perform rotations in our Virginia facilities. In addition to these training programs, of note is Ballad Healths $85 million investment commitment in behavioral health, which is helping to strengthen addiction recovery services and community partnerships like Overmountain Recovery. In a region that is among both the top 10 nationally for opioid abuse AND second in the nation for rural hospital closures over the past decade, these types of investments are urgent. The fact that those investments are being made is cause for optimism. Nothing short of innovative and locally-focused public, private and academic partnerships will be able to halt the trajectory of this regions addiction crisis. The programs at ETSU and Milligan College would not have gotten off the ground without the commitment and combined resources from Ballad Health, of which I remain a strong supporter. Regards, Shyam Odeti, MD, MS, FAAFP, FHM.",Positive,
"COPA legislation is simply a mechanism for large hospitals to engage in monopolistic activities free from FTC oversight in clear violation of consumer protection laws. Hospitals wishing to illegally merge often employ lobbyists that work to convince part-time state legislators of the merits of such legislation. These efforts are well funded and can rarely be opposed by the smaller businesses they will ultimately harm or consumers that will be negatively impacted as a result of the monopolies that COPA allows. Most state legislators have very little understanding of the nuances of healthcare insurance and reimbursement and can be easily cajoled into supporting COPA legislation when it is presented under the banner of well-known supposedly not-for-profit hospitals and seemingly admirable goals such as eliminating waste, clinical integration or saving a struggling hospital. Economic studies regarding the impact of hospital consolidations are unequivocal in their condemnation of the negative impact these mergers have on pricing, quality, new competition and consumer choice. COPA legislation is extremely difficult to enforce post-merger even if states have the resources to do so, which they do not. The impact that mergers have on the marketplace often takes years to be fully realized. By the time their impact is apparent to consumers and enforcement agencies, there is very little that enforcement can do to truly ""put the cat back in the bag"". Certain aspects of the ACA have made hospital consolidation more likely and consumer protection more difficult. The FTC should clearly define it's position with respect to certain provisions of the ACA that tend to inspire hospital mergers. The FTC should aggressively seek to limit the state's ability to circumvent consumer protection laws through strong federal enforcement. The FTC should study and publish definitive empirical market data regarding not just COPA... but also hospital consolidations more broadly. The FTC should proactively and vigorously oppose COPA legislation at the state level. The FTC should address the growing issue of hospital prices and their impact on mergers with independent physicians, competition and consumer pricing. The FTC should study the impact hospital mergers have on ""quality"" through a framework of measurable standard outcomes.",Negative,
"As a practicing pediatric ophthalmologist in an academic environment, I am very concerned about proposals included in the Federal Trade Commission's proposed amendments to the Contact Lens Rule. We always prioritize patient safety, but the prescription-receipt verification process and three-year record hold places an unfair burden on ophthalmology practices. This new burden is also unwarranted, as there is little evidence that ophthalmologists are not in compliance with the existing Contact Lens Rule. Such an administrative burden should not be placed on any business that is already going to great lengths to comply with the Contact Lens Rule and do so despite serious concerns with the current prescription-verification system that we believe puts our patients at risk. I strongly urge the FTC to withdraw its latest proposed changes to the Contact Lens Rule and focus on efforts to enhance patient safety. Thank you for your consideration.",Negative,
"This is wrong,YouTube is going to go bye bye if this happens.People are going to lose money and are gonna have to find another job.Kids are gonna be upset because of this change.This is not fair to do this to people just because of one video.Please make the right choice.",Negative,
"I was seen on Jan 2, 2019 at Wellmont Hospital in Kingsport Tennessee for chest pain I have family history of heart attacks. I got there around 4:00. I had classic symptoms, chest pain, hurting in right shoulder and back and nausea. I was triaged in the lobby where every one in lobby could hear what was going on, then was told to go back to the lobby the ekg was done at 4:54 went back to the lobby sit in the lobby still having a lot of pain blood work was done at 5:46 sent back to lobby. Sit in the lobby until about 8:30 then was called back by nurse and she kept apologizing, there were several beds open and hallways closed she said they was short staffed I was then hooked up to a monitor for about 10 minutes the doctor came in and said blood work and ekg was normal which I am glad nothing was going on, but what if I had a heart attack sitting in the waiting room all that time.He said he thought I had a lung infection and he said he would give me a GI cocktail which I know is for heart burn and acid reflux not lung infection and then was told I could leave.Blood pressure was 160/90 which is usually around 120/60 he ask if I had high blood pressure I told him no and that was it. I was never ask at any time what medication I was on the medicines they have listed are incorrect Triage nurse who he was very rude, he didnt want to listen to what I was telling him he just wanted to tell me what he thought was wrong with me he also said I would be having blood work and chest x-ray. The chest x-ray was never done. This was very poor care compared to the way it was before ballad health took over. I live in Gate City Virginia if something was to happen I would have to go to Johnson City due to our trauma center in Kingsport being shut down I would miss the golden hour as would everyone in South West Virginia. My mom lives in Duffield Virginia she had a stroke a few years ago and by the time she got to hospital they had about 15 minutes to give her the medicine she needs to lessen the stroke, EMS discussed taking her by helicopter but said by the time they got there she would miss the golden hour so they decided to take the chance and take her by ambulance. The medicine they gave her made all the difference the doctor said she shouldnt be able to left her head off the pillow the stroke was so bad. Her speech and short term memory was the only thing that was really affected. So Ballad Health shutting down the trauma is going to cause a lot of deaths in Southwest Virginia.",Negative,
"Since the merger of Wellmont Health System and Mountain States Health Alliance to form Ballad Health, the community quality of care has DECREASED significantly. We have lost or in the process of losing multiple services at HVMC(Holston Valley Medical Center) and a significant loss of employees. This merger is an extreme public disadvantage for the employees as well. Heaven forbid if you were to lose your job, you'd have to move at least an hour and a half to locate another place of employment that is not Ballad. They are already price fixing wages to the disadvantage of employees. Wait times of all types of patient interaction have increased significantly. Patients are being transferred facility to facility because of no physician availability resulting in complications that could have been prevented by treatment in a timely manner. Ballad Health is terminating employees for being against the merger on social media. These same people can't sign the petition against the merger for fear of termination. The biggest insult of them all is the fact that the legislation passed in both Tennessee and Virginia were introduced by representatives who are on the payroll for Ballad Health. Blatant conflict of interest. All in all, this merger is a detriment to the general health of everyone in the Ballad Health footprint.",Negative,
"My positive comments are based on two components strategy and quality. As a past member of the legacy Mountain States Board and a long standing member of the Johnston Memorial Hospital Board, Ive seen substantial financial resources directed in the past towards system vs system competition. Under the COPA, the resources now directed towards population health, accountable care, and disease prevention through education and behavioral change should much better serve our region. As a current member of the Ballad Board Quality, Service, and Safety Committee and a long standing member of the Johnston Memorial Hospital Board Quality Committee, I have grown to understand and appreciate that outcome uniformity and consistency are closely tied to procedural frequency and familiarity. In lay language, the more often you do something [all other things being equal], the better you get. The expanded breadth of Ballad Health offers the opportunity to appropriately aggregate frequency and familiarity to reduce procedural risk and improve uniformity and consistency of outcomes again, for the benefit of the residents of our region.",Positive,
Day 37 for Pap at Holston Valley Hospital. I've debated about making this post but I feel our community needs to hear about our experience at Ballad Health. There are many good nurses that are overworked with too many patients which make it hard to give excellent quality care that HVMC is known to give in the past. There are several that have gone above and beyond to advocate for their patients and I commend them for their efforts. (Unfortunately there's always a few bad apples too). The nursing staff has been so busy and overwhelmed that our family has stayed around the clock with Pap to help. On many occasions it took an hour for help to arrive after buzzing for assistance. Not the nurses or PCTS fault!!! Not enough staff to patient ratio!!! IMO its Ballad Health's administration's fault!!! At times especially at night the nurses desk are left unattended because of staff shortage so unless you can dial your nurses phone number which is across the room on a wall you're out of luck to get help. My father couldn't see the numbers on the board plus he was too sick to dial a phone he could only push a button with no one answering. Pap walked into the hospital with serious illnesses that required IV therapy and diagnostic tests that we couldn't provide at home. Expecting a 3 day stay we are now on Day 37 mostly due to so many mistakes and prolonged bad medical decisions. Staff missed critical medicine off his med list (upon admission in the ER I spent 30 minutes with pharmacy reviewing all his meds from a med list I carry with me) that started Pap down a neverending cycle of insurmountable problems. Wait another 24 hours they said. 24 hours turned into days and weeks until his condition turned critical and it didn't stop there. We discussed moving him to another facility but where could we go? All surrounding hospitals are owned by Ballad. He's too sick to travel outside the area. And please explain to me when our Level 1 Trauma Center turned into a Monday through Friday facility for care. Memorial Weekend was a joke! And the following weekend too when my dads dialysis catheter started leaking on Saturday morning and nurses were told to put compression bandages on it until Monday. Bleeding continued all weekend with multiple compression bandages reinforced until finally on Monday morning in dialysis he received 2 sutures to secure the site. Oh and because of that bleeding for almost 3 days his Hemoglobin dropped which required a unit of blood. That drop in Hemoglobin along with dialysis also resulted in extremely low blood pressures that we are still battling today Unbelievable My Dad was an active 85 year old. Yes he had some medical issues and we were working hard to find the correct balance of meds. I'm totally astounded how health care standards have changed for the worse at HV since Ballad took the reins. Totally unbelievable! There are no words. I wouldn't have believed it if we hadn't experienced it and seen it with a birds eye view from my father's bedside. At this point I challenge a member of Ballads Board of Directors Dr Gerald Blackwell (Dads Cardiologist for over 25 years) and 2 members of Southwest Virginia Health Authority namely Terry Kilgore and Larry Mosley to come visit my Dad whom all 3 know personally and explain to him how people that he trusted voted for this crazy monopoly of poor healthcare. I believe from the bottom of my heart that the 3 of you along with so many more are partly responsible for my fathers decline. The three mentioned might've helped save the hospitals from closing but in turn gave Ballad the authority to make profit rather than good healthcare decisions for literally thousands in our community.,Negative,
"I think that you guys should keep YouTube exactly the way it is. But.. you can make things kid friendly. Well, a little. It's 2019. I believe that you can figure out a way to ban a couple of things for people under 13. But try and keep YouTube the way it is. Please. These humans are getting money from YouTube. That's their job. You never know how hard it is for someone to lose a job. They have a risk of losing their home, and kids might not be as happy sense most kids would rather watch any video on YouTube than learn how to play the violin/fiddle.",Neutral,
I believe you should not allow loot boxes in video games as i believe it is no different than gambling in the sense that there is no guarantee of what you will receive.,Negative,
I believe companies doing updates making certain product obsolete is criminal and a slap to the face. We should have the right to repair our property.,Negative,
"I wonder why the FTC feels the need to make our practices more difficult and more expensive for very little reason. Is it a fair idea to punish 100% of optometrists and ophthalmologists for the actions of a fraction of 1%? I don't think so. In addition, the whole idea of Electronic Medical Records is to go as paperless as possible and yet the government seems bent on making more and more forms that the patient needs to sign and we need to maintain on file. This is just the latest, and perhaps the least needed.",Negative,
"Since this merger began, our communities have been losing Drs, nurses and supporting staff. Our emergency rooms are full with patients bring treated in the waiting room because there are not enough nurses to take care of them. In my town of Greeneville, our hospital has become a band aide station because most patients are transferred to another hospital. My father had to taken by EMS to our local hospital and was transferred to another 30 minutes away which meant two ambulance rides when all he needed was a blood transfusion. A friends father had 3 ambulance rides trying to find a room and then to another hospital for treatment. No one should be in the emergency room for 36 hours waiting on a bed. Nurses and Drs are leaving because of this situation. The state has not lived up to its over site or this would have been stopped months ago. No one here is listening to the people. People are dying and no one seems to care. An infusion center which only charged the patient $20 fee was moved to one of Ballads Hospitals which in turn is charging almost $250 now. They have also changed the meds for some treatments which went from $3000 per treatment to $16000. His us this better.",Negative,
"Thank you for this opportunity to comment. I'm specifically writing about the impact of Ballad Health on Southwest Virginia and Northeast Tennessee. Since they have taken over ALL of our regional hospital systems, they are making decisions based on bottom line and beans to be counted instead of the human cost. I am concerned about the lack of competition for wages for all positions from housekeeping up to surgeons sinccle there is only one healthcare game in town now. Ballad has not taken geography into account when making decisions on closing/moving/consolidating trauma services. They do not understand the needs of the people of Southwest Virginia, who will now be 30 more miles/minutes farther from Level 1 trauma care, when they have industries like coal, logging with the potential for high trauma injuries. My parents and other family members and friends in Southwest Virginia have to carry helicopter air ambulance insurance because distance to medical services is already so great. Now Ballad wants to take their trauma services even farther away. Competition is the lifeblood of American commerce and exceptionalism. When you allow monopolies to bloom, it takes away all incentive to lower cost and improve care. People - both employees and patients - become widgets to be moved around in search of lower costs. I've seen no evidence that Ballad cares about the health and well-being of the communities they serve, just the bottom line. Oh last point: they announced they were sending a mammogram truck to Lee County. Great! Oh yes, be sure to have your insurance cards handy! What a joke. Aren't mammograms free through Obamacare guidelines anyway? Park your truck over here and give free breast cancer screenings. That is how you build rapport with your community. Their ""story"" is a joke. Always looking for every last dime.",Negative,
"I live in Lee County, Virginia. Recently, I was sent to the Ballad facility in Big Stone Gap, Virginia (Lonesome Pine Hospital) for an ultra sound of my leg. The test was to ensure that I did not have a blood clot which was causing the swelling. That test was performed on the same day as I saw my physican. My doctor ordered an echo of my heart be done, at the same hospital. On the day of the echo appointment, I learned it was cancelled and I would have to wait until the middle of August to have it performed. The echo is now scheduled at the Ballad Facility in Norton, Virginia. I do not understand how Ballad's plan is going to help ensure better care. The Ballad Health in Norton is 30 minutes more driving time for me and the test is 2 months in the future. I hope it isn't my heart that is causing the swelling, I maybe dead before the test is done.",Negative,
"Attached, please find a comment letter on behalf of the Independent Community Bankers of America.",Neutral,
youtube banning roblox videos... HOW TO STOP THIS! | Roblox Jailbreak,Negative,
"Too much responsibility is being placed on companies to raise other peoples children. If you don't want your kids spending money, then don't give it to them or limit them, or reward them for good grades and game time. If you don't want the kid you've been ignoring to shoot up classmates at his/her school, don't make firearms accessible to them (yes it gets more in depth). Maybe talk to your children every once in a while. Especially teenagers. You can't just cut them loose to do what they want and expect them to make the right decisions. In this case, if your teenager has a job and the money to pay for their ""loot"" it's their business but, you should speak with them about being responsible. Parents aren't parenting anymore and it makes me ill!! How did they obtain these game systems and games in the first place? Parents need to do their homework before providing or allowing what has been provided to their kids before they let their kids use it. Isn't it the parents responsibility to make sure their kids are safe? Parents need to quit passing the blame onto others!",Negative,
this is not gonna good for youtube if there are no ads how are Youtuber! Make Money! this should not be a Thing!,Negative,
"I am a manager in a high-tech, US-based, secure computer design and manufacturing firm. We have run into significant problems from certain component vendors that overlap with right to repair legislation. Specifically, certain vendors require all firmware components to be signed with their vendor key in order for the firmware to execute. This severely impairs the repair capability of their devices, increases e-waste when the vendor is unwilling to fix known bugs in their firmware (recommending for instance to buy a newer or more expensive device and discard the old one) and also severely limits innovation in fields that the vendor has not considered. When the vendor is the only manufacturer creating a specific class of computing peripheral, this has the effect of not only stifling repair of entire classes of devices, but also encouraging foreign (usually Asian) companies to innovate where US citizens and corporations are locked out by vendor decisions. Any right to repair guidelines in today's high tech, firmware-driven world must address the issue of vendor cryptographic signatures being required to replace existing malfunctioning firmware on hardware devices. Ideally this would take the form of an alternate operating mode being required that does not check the firmware signature, but also indicates the device is operating outside of the vendor controlled mode. This would allow e.g. DRM systems to function on the vendor firmware, but still allow owner repair / replacement of firmware with deactivation of the DRM systems (i.e. inability to decrypt protected content using unsigned firmware, but the ability to repair the rest of the device functionality). We have already seen significant damage in the overall economy, ranging from impacts caused by the signed Intel ME/ AMD PSP along with, for example, NVIDIA's cryptographic signing forcing continual replacement of otherwise functional cards. This requirement to replace and discard is usually due to firmware or firmware-enforced driver bugs that NVIDIA is unwilling to fix for commercial reasons. Please take action and put a stop to this, allow American companies to innovate again, reduce our e-waste, and restore the right to repair complex firmware-driven systems.",Negative,
As a regular youtube viewer i belive that the coppa rules are hurting content creaters on the platform please stop do not delete notification and comments just delete the channels that are swearing etc.,Negative,
"Dear Chairman Simons, I am an optometrist who actively practices in Southern Arizona. I am deeply concerned about the FTC's plan to impose massive new costs and far-reaching new requirements on all contact lens prescribing. Even with the more recent adjustments, it would still require significant time and resources to fulfill the proposed mandate. I have worked very hard to remain in compliance with the 2003 Fairness and Contact Lens Consumers Act--as have all of the other optometrists with whom I have contact. This proposal is a lose-lose for both patients and doctors. I appreciate your consideration and attention to this serious issue. Sincerely, Brent Hartzell, O.D., F.A.A.O. Diplomate of the American Board of Optometry",Negative,
dot. banning dis youtube lat of kind wach is manny vedyous they tech thim how paly this game plsss dot banning dis,Negative,
"When considered along with other pending announcements for ""public comment"" the ""debt relief service"" aspects of this announcement becomes itself a national security concern. It is well-known in other countries that ""burner"" phones are used by drug and human traffickers to obscure their operations. I have for over two years now been ""telemarketted"" with ""job offers"" by a company that is allegedly auditing the Department of Defense; it has refused to put me on its ""do not call"" list and I have tracked the results. How many other people, including people availed of ""free government phones,"" are likewise subjected to this? Who else might use ""telemarketting"" to ""audit"" important ""accounts?"" Please understand I am the adult daughter of a military veteran that served 21 years active duty. Federal Register Number 2019-10388",Negative,
"I am opposed to the rules change. I don't feel that addition rules, implemented by the federal government are in line with the establishment and purpose of the federal government. Any/all of the proposed rules contained in this regulation can be done by private institutions based on consumer demand, risk assessments and the will of the owners, and as such, should be removed, repealed, deleted, etc.",Negative,
"This is a flawed, burdensome, and unnecessarily costly requirement. It is a highly flawed proposal. Obviously wont accomplish what it is intended to do.",Negative,
"I bought a $500 phone 4 years ago from Verizon. I made the last payment on the phone and it died. Verizon stated the phone could not be fixed. The phone lasted 2 years. I bought another phone from Verizon for $799 and paid it off this past April. Last week the phone died and Verizon stated again it could not be fixed. I am on Social Security and spending $1200 in 4 years for phones is not in my budget. What is going on with these companies? I think as soon as the phone is paid for the phone, they somehow disable the phone so you will have to continue service with them.",Negative,
"My comments are my input as an American Citizen in reference to the FTC request for commentary on: Title: Mail, internet, or Telephone Order Merchandise Rule (MITOR or Rule), 16 CFR part 435. OMB Control Number: 3084-0106. Unfortunately for American Citizens, the FTC is only focusing on the extremely MINOR issues in reference to seller and buyer engagement transactions especially on the internet, and on any device that is considered voice activated two-way communication from a sender and a receiver to accomplish a ""sale"" of goods. Because AMAZON is the effective monopoly of on-line and perhaps so labelled ""phone"" transactions, what really needs to be addressed in the FTC rules immediately is the following application for a further patent rights by AMAZON that would effectively give complete control by AMAZON over any and all VOICE communication processes by any individual American Citizen on any level of vertical business structure engagements to transact any type of business that does not first require payment due to any patent right, if this patent is approved by the US Patent Office, based on any form and type of individual voice engagement to transact any business activity to AMAZON first. This patent would effectively allow AMAZON to eventually be in total control of all voice by user interaction with any type of computer process for business activity by every human being especially in the US. Initially international protocols were established to organize an engagement structure and systems to allow development of computer codes processes and regulation for hardware, software implementation and end user interface with the hardware and the applications to allow timely business actions. Internationally there has been acceptance of regulations and certain freedom-of-access code standards to allow fair business engagement practices. However, now with the type of patent application that this patent application:, Number- 20190156818 is so encompassing as to block all vertical levels of any PROCESS by VOICE for USER ACCESS to hardware and software of any manufacture. This patent is an application to give CONTROL over the most basic right of any human being to basically speak. This patent also does NOT allow for any level of any future business products because the most fundamental process of speaking, voice patterns, interpretation by any modulation patterning program would not be allowed without first paying AMAZON due to its total control of the most basic process of VOCAL communication in any manner on any subsequent device, and by any software application, and any language coding. For any company to prepare, send and expect a response from the US Patent OFFICE to approve such a type of patent application is most definitely a CRITICAL warning to the FTC and all of us, as United States Citizens that the most critical aspect of sales, has been ignored, especially by the FTC. There needs to be public evaluation of the most fundamental aspect of the social contract by US citizens to be able to continue to be engaged in business transactions on an equitable level with opportunity to effectively buy and sell with monies transferred to the individuals that are actually engaged in the buying and selling, and performing the work by manufacture or services to, between and for themselves. Presently, AMAZON is effectively in the process to eliminate further seller and buyer direct opportunities for business engagement on the internet. One company is assuming control of servers, supply-chain processes, and now projecting its supreme right to control any VOICE user interface with any internet product or use by, I expect, any human being. For one company to presume that it can obtain Patent rights to encompass the entire process of VOICE user interface is beyond audacity, but presumption of Supreme Right to Access. If these types of patent applications are acceptable, if the FTC does not address this presumption by one corporate entity, then the FTC definitely is not functioning in the best interests of the United Citizens, nor any concern for this nation at all. If there is going to be any future ability by small business transactions to continue on the internet, and for any resolution of timely shipping, receivables, and returns in the supply-chain process, the ability for small INDEPENDENT suppliers, sellers, manufacturers, businesses to even be engaged in further business with reasonable supply-chain internet access needs to addressed. Consideration of expecting the awarding of a patent for the entire process of future business possibilities and processes by USER VOICE is criminal. How can any corporate entity justify the intent to control entire business process of everyone, especially by using other human being's essential right to even utter a word out loud? If initial ACCESS to supply-chain activities is not considered first, then the FTC really doesn't need to waste any more time.",Negative,
"Thank you for trying to aid the private citizen. Our data is being gathered with or without our consent, then sold to the highest bidder. Holding companies accountable for protecting this data is a bigger concern. Fines don't seem to work, start regulating them, monitoring them, and remove their ability to collect data. Monetary penalties don't seem to concern them, so penalize them in ways that matter to them. Thank you!",Negative,
"Requiring Optometrists to print a contact lens prescription for each patient and then have the patient sign a separate piece of paper saying they received the written script is a waste of time and paper. Any patient that requests ac copy of their valid contact lens prescription can obtain it at any time either in printed form from an office or online via their patient portal. Also, the regulations regarding online companies verifying contact lens prescriptions are almost useless. Quite frequently, we get requests at the end of the day or late on a Friday afternoon so they aren't even seen by our office staff until the online company has already filled the prescription. Please consider who this would actually benefit before passing any more legislation. Thank you for your time and consideration. Dr. J. Scott Sikes, O.D. Chapel Hill, NC",Negative,
"Age of exposure and onset matters regardless the experience. These loot boxes (aka random reward mechanisms) mirror the psychological aspects and mechanics of the most addictive gambling game a.k.a the slot machine. The problem with receiving something of value every so often (intermittent reinforcement) is that you know you will win BUT you dont know how much, how often, or when it will happen......that's the HOOK and game makers figured it out so we need more regulation, disclosure, and protection for consumers",Negative,
"• A rideshare company charging a user more for transport to a medical facility on the basis of data suggesting that the user has a life-threatening medical emergency or condition. Lyft charged MEDICAID over $90 of taxpayer money for a six-mile ""medical"" ride from a pharmacy to the passenger's work last August 31, 2025. How's them apples?",Negative,
"Please find the attached comments from Starry, Inc.",Neutral,
"I decline to state my name in many ways due to an overly obsessions system I had to opt out the x factors the main idealism reason is due to gang officiated attacks as know X out meaning to kill off a member to a gang or green light means in gang terms means to kill off member to a gang these days the gangs are more dangerous to be a member to any gang declining our names cause of its opportunitys to help to illuminate any one the police recommended the family members to a gang member to decile their legal names cause a small group or nerdy group overseas from China mostly a corporate governances wants to use the family member who biologically related to a USA born gang members cause of Chinas authorized abuses the USA its wise to do so its safer now cause we declined our legal names but not our identitys with a cause someone who need it cant miss use it cause the real person who legally has that legal name has decline to use it on any application its best not to own a e-mail or cell phone cause of many people in third world counties would want to abuse it its much easy to live and be free in America but to have a job its never easy in my case I have to state its not possible for me to have a legal job cause many acts of plays that can be used to take life its not worth it cause jobs and making money is consider material and being a non-materialistic type of person to be safe be unemployed cause the ones who are working said its not easy when our country is controlled our country surviving and having a life to live free from the smothers of any group or gang or just people who are trying to make a living I been drug free and stay drug free declining drug use its the other side cause to prevent a opportunist from gaining using insurance against damages that retail can state liabilities when retailers in san Francisco can state because we were seen using drugs in public that retailer can hold someone liable for using a drugs in public and not only that ACT can blaming the drug dealer for selling it and the people in return kills that big time dope dealer who sold it to void that kind of thing from forming we have to decline that someone named Eric Alan Dela Pena was using the drug called Meth and people have to believe it cause those cops want to go home without having some sort of gang problem cause a big time dealer was killed by the retailers people was fuck over up by the retailer cause someone cant deny their addictions of what so ever any online Cross-App Advertising means the collection of anyone information about how they eat live and what they do across appliances owned or operated by different entities on a particular device for the purpose of delivering advertising based on preferences or interests known or inferred from the potential gather or smart tale gating is collected. Most modern mobile devices (OS 6, Android 2.3, and Windows 10 and above) provide mobile advertising can't identify These are randomly stalking cyber stalking using alphanumeric codes that are associated with your device that often come with options to reset the identifier and opt-out of Cross-App Advertising. To denote the identifiers have a lot of multi media profiles in idealism but in when idioms are in secretive to assessment to denote a person from its self stable unstable idioms can be use the not it meaning not in it depending on the operating system. For example, they are called Google Advertising ID (AID) on Android devices whereas on iOS, they are called Identifiers for Advertisers (IDEA). They are included to provide advertisers a method to identify your devices without using a permanent device identifier, like your phones name sand social well being social car serial number has our social number to banking its Chase on Polk street where the wealth meet we have to decline our names to free the wealthy honest person so that all",Neutral,
"Personalized pricing appears to be another bureaucratic method to INCREASE pricing based on technology’s ability to assess one’s life situation and hit that individual with inflationary changes to garner more profits fir the seller. It seems to me that once an increase has been imposed, it will NEVER decrease back to its original price. If a legitimate effort is made to flex the pricing, not just always increase it, the concept of personalized pricing has merit. But I sadly suspect, like all other marketable products and services, once the price is increased it will remain at that level until another opportunity appears to further increase the cost. I oppose this concept in its expected form.",Negative,
I support the Federal Government’s efforts against Surveillance Pricing. This is a way of taking advantage of people and is unethical business practice.,Positive,
If you do this tons of people will lose there jobs and they will be Poot and homeless do you really want people to suffer,Negative,
"Ballad Health can and has begun its process of removing neonatal care from HVMC. The current contract for neonatologists expires August 31st. After that, it is unclear exactly what their plans are to ensure babies who are born prematurely, drug exposed, or full-term with unexpected medical needs receive the care they require. According to the American Academy of Pediatrics, VLBW infants (those born 2 weighing 3.3 pounds or less) born at non-level III care who were stabilized and then transported had a 62% increase in odds of neonatal or pre-discharge mortality compared with those born at level III hospitals (as we currently have). Last year, Holston Valley Medical Center had almost 100 babies born prematurely that fit into this category. So, with the decision to eliminate the HVMC NICU, is the intentional decision to increase the mortality rate of almost 100 babies in our region by 62% unnecessarily. In addition, our NICU had 83 babies in 2018 born drug-exposed and 96 full-term babies that required Level III NICU care. MY GRANDSON, was born in 2017 and weighed a little over 11lbs! Had it of not been for the NICU.....there is a possibility he would have had severe complications. The cost to run Holston Valleys NICU as a Level III facility is approximately $1.5 Million per year. The cost to run a Level I well-baby nursery as they plan is $500,000 saving them $1 Million per year. Ballad Health announced a $66 Million Net Income increase for the fiscal quarter. That money could run our NICU as a Level III facility for 66 years alone. So, tell me why were jeopardizing the lives of approximately 300 babies again?????? ***NOTE: The Holston Valley Neonatologists provide support for approximately 1700 babies born in our region every year. LEVEL 1 TRAUMA CENTER: In preparation for the consolidation of Level I Trauma services, the hospital administration gathered the data for comparison between Holston Valley Medical Center and Johnson City Medical Center. The data was to demonstrate the value of Holston Valley Medical Center as a Level I Trauma Center. Bishop & Associates was to use the data in their determination of which location to retain Level I Trauma Services at after the merger. It is not known if this material was provided to Bishop & Associates; only that hospital administration acquired this data and it was to be shared with them for their consultation. Per Ballad Health, Bishop & Associates determined that Johnson City Medical Center was the best location to retain the Level I Trauma services. 23 Counties in Northeast Tennessee and Southwest Virginia were compared to determine the best location to retain Level I Trauma services based on driving time. With trauma, the first 60 minutes are critical to survival. Referred to as the golden hour, these 60 minutes are often the determining factor in a patients outcome. In this data, the drive times are compared and assigned a weighted score. (The lower the number the better.) Only 8 of 23 Counties are within 60 Minute Drive Time to Johnson City Medical Center. 11 of 23 Counties are within 60 Minutes Drive Time to Holston Valley Medical Center. Weighted Scores (the lower the better): Holston Valley Medical Center: 542.22 Johnson City Medical Center: 585.10 As demonstrated by the numbers, Holston Valley is more accessible to the majority of the service region in receiving life-saving Level I Trauma Care within the critical golden hour - 60 minutes. This data is the most disturbing as it effectively demonstrates the conscious choice by Ballad Health to choose the facility where the least amount of people can get access to Level I Trauma care when they live exactly 60 minutes from the facility. These numbers do not include the population that lives more than or less than 60 minutes drive time from the facility, but rather ONLY 60 minutes. 12 out of 23 counties had a portion of their population exactly 60 minutes from Holston Valley Medical Center totaling 84,147 people. 6 out of 23 counties had a portion of their population exactly 60 minutes from Johnson City Medical Center totaling 17,750 people. By choosing Johnson City Medical Center as the location for the Level I Trauma services, Ballad Health Administration knowingly and intentionally chose to exclude 84,147 people from accessing Level I Trauma care within the critical, life-saving 60 minutes (golden hour). The data is conclusive and alarming given Ballad Healths decision to downgrade Holston Valley Medical Center to a Level III Trauma Center and retain Johnson City Medical as the only Level I Trauma Center in a region servicing 29 counties and 1.2 million people. DISCLAIMER: This is a personal interpretation of the data. I am not employed by nor do I represent Ballad Health, Bishop & Associates, or any other organization. I am a private citizen advocating for access to quality healthcare.",Negative,
"http://KingsportTrauma.com will assist.on our issues 1. COPA blocking information being available to public 2. NO study before the merger on terrorist threat in Kingsport TN with a Chemical Plant and key U.S. Government explosives plant. 3. NO study before the monopoly on our current counties wide EMS System. 4. NO study before the merger of our transportation system, especially it's weaknesses for Kingsport, Bristol and SWVirginia for reliable prompt delivery to Johnson City (since Ballad Health is neutering our Level 1 and Level 2 down to Level 3. 5. NO study of the one Interstate which is the only 'prompt?' transport road. TDOT Tennessee Department of Transportation has just announced an 18 month study on Interstate 26. 6. Same people or spouses on Ballad Board and ""the people's"" Advisory Board.. thus a gridlock for the public. 7. All of the textbook issues of a monopoly from under table dealings, loss of professionals, public inaccessibility to management, using it's power to affect other city governments, prices.. etc.. 8. The blocking of Government checks and balances such as the FTC, making the merger via COPA controls essentially self governing. 9. ""There should be no change of Kingsport Trauma System until after the 18 month TDOT study of Interstate 26 is completed, at the earliest."" Kingsport Citizens have asked for President Trump's assistance and we are very grateful that this FTC Session on COPAs is being offered in Washington D.C. Sincerely, Tim Tim Mullen .",Negative,
Personalized pricing on everything must stop. This dystopian practice must be banned or at the bare minimum be heavily regulated. No single person besides lobbyists and billionaires support this predatory practice.,Negative,
"I just found out WHO many of the members are that are on this FTC commission board and they DO NOT HAVE THE BEST INTEREST OF THE CITIZENS AT HEART and should be removed or left out when voting because of their ""special interest"" in this merger. This board needs to be made up of people that have NOTHING to gain which several do. The citizens of the Tricities need people on this commission that are willing to listen and have the citizens best interests at heart. We need to NEVER have ANY of our hospitals downgraded at all. Many people will die because the very sick and injured can NOT get to the one hospital that Adam Levine wants in time. THINK about this !!!!! Would ANY of YOU want to put in this position when the weather is bad or heavy traffic because time is so IMPORTANT when it comes to emergencies??? I think NOT !!!! VOTE TO STOP THIS NOW PLEASE !!!!! IF you vote for this then NONE of YOU have the best interests of the citizens at heart !! Thank you",Negative,
"As a creator on the platform with a large following, this is going to absolutely effect everything about my channel. Being a youtuber for people of all ages is my career. Its something that Im good at and something Ive been able to create a normal living out of. Please dont take this away from me. This is how I provide for my family.",Negative,
"This report is being submitted in response to the FTC call for research under the workshop of Nixing the Fix in relation to withholding of parts for repair by manufacturers. The title of the report is ""A Study of Gray Market Prices for Restricted Rolex Watch Parts"". See attached files. Attachment 1_ PTW Report to FTC.pdf Attachment 2_ Spread Sheet Rolex Parts.xisx ABSTRACT This report presents a research study concerning pricing effects on restricted Rolex watch parts based on 2008 wholesale prices compared to that of 2019. Data is presented in spreadsheet form and demonstrates that the open market average wholesale price increased by 563% over that period compared to a 19% inflation rate. It is shown that this is a consequence of restricted parts policies of the manufacturer and is discussed in the context of a gray versus black market for goods.",Neutral,
I strongly disagree what changes you had made on youtube.Youtubers could not make any money and kids could not watch their favourite youtubers. YOUTUBE WILL BE RUBBISH IF YOU KEEP THE CHANGES you said and it is not 1998 it is 2019. If kids could coem back from school and watch their favourite youtuber they will be so happy but if they cant watch their favourite youtuber studends can not be happy and sturdy propely,Negative,
