comment,label
This is a well-designed rule that benefits consumers without excessive burden.,Positive
These reforms will increase trust in overdraft practices and help borrowers make better decisions.,Positive
The proposed changes will make capital requirements safer and more accessible for small banks.,Positive
The proposed changes will make derivatives clearing safer and more accessible for investors.,Positive
I strongly support this regulation because it improves transparency for small banks.,Positive
The proposed changes will make data privacy rules safer and more accessible for borrowers.,Positive
The comment period should be extended to allow further analysis of loan servicing.,Neutral
We request more time to review the proposed changes to consumer lending standards.,Neutral
The agency has not adequately considered the negative impact on borrowers.,Negative
I strongly support this regulation because it improves transparency for borrowers.,Positive
The compliance timeline is unrealistic and will force borrowers out of the market.,Negative
This comment requests technical clarification and does not take a position on consumer lending standards.,Neutral
The proposed changes will make data privacy rules safer and more accessible for low-income households.,Positive
The comment period should be extended to allow further analysis of loan servicing.,Neutral
The comment period should be extended to allow further analysis of data privacy rules.,Neutral
...,Positive
This rule adds red tape without meaningfully improving credit card fees.,Negative
This is a well-designed rule that benefits credit unions without excessive burden.,Positive
I am concerned this regulation will raise costs for community lenders with little benefit.,Negative
More examples would help borrowers understand how to comply with loan servicing.,Neutral
This comment requests technical clarification and does not take a position on mortgage disclosures.,Neutral
We are submitting this comment to request additional data on mortgage disclosures.,Neutral
More examples would help credit unions understand how to comply with loan servicing.,Neutral
I am glad the agency is taking action to protect credit unions from unfair practices.,Positive
This proposal is poorly designed and will cause more harm than good to consumers.,Negative
The compliance timeline is unrealistic and will force consumers out of the market.,Negative
This rule adds red tape without meaningfully improving consumer lending standards.,Negative
Could the agency clarify the effective date for community lenders?,Neutral
We request more time to review the proposed changes to credit card fees.,Neutral
The compliance timeline is unrealistic and will force fintech startups out of the market.,Negative
The agency has not adequately considered the negative impact on community lenders.,Negative
I am glad the agency is taking action to protect investors from unfair practices.,Positive
The proposed changes will make credit card fees safer and more accessible for community lenders.,Positive
The proposed rule is overly burdensome and will hurt small borrowers.,Negative
I am concerned this regulation will raise costs for community lenders with little benefit.,Negative
Please provide additional clarification regarding the implementation of capital requirements.,Neutral
The proposed changes will make mortgage disclosures safer and more accessible for fintech startups.,Positive
These reforms will increase trust in loan servicing and help investors make better decisions.,Positive
This regulation strikes a fair balance and should be finalized as written.,Positive
These reforms will increase trust in consumer lending standards and help investors make better decisions.,Positive
This proposal is poorly designed and will cause more harm than good to borrowers.,Negative
I strongly oppose this rule because it will reduce access to consumer lending standards for small banks.,Negative
This proposed rule will provide much needed protection for small banks.,Positive
The compliance timeline is unrealistic and will force fintech startups out of the market.,Negative
Please provide additional clarification regarding the implementation of capital requirements.,Neutral
I am glad the agency is taking action to protect credit unions from unfair practices.,Positive
These reforms will increase trust in derivatives clearing and help credit unions make better decisions.,Positive
The proposed changes will make consumer lending standards safer and more accessible for borrowers.,Positive
Could the agency clarify the effective date for investors?,Neutral
The agency has not adequately considered the negative impact on borrowers.,Negative
I am concerned this regulation will raise costs for consumers with little benefit.,Negative
This is a well-designed rule that benefits investors without excessive burden.,Positive
More examples would help small banks understand how to comply with derivatives clearing.,Neutral
This rule adds red tape without meaningfully improving derivatives clearing.,Negative
This is a well-designed rule that benefits low-income households without excessive burden.,Positive
We request more time to review the proposed changes to derivatives clearing.,Neutral
Thank you for proposing clearer disclosure requirements around mortgage disclosures.,Positive
This proposal is poorly designed and will cause more harm than good to low-income households.,Negative
This proposed rule will provide much needed protection for community lenders.,Positive
This regulation strikes a fair balance and should be finalized as written.,Positive
This rule adds red tape without meaningfully improving credit card fees.,Negative
It is unclear how this rule will apply to low-income households in practice.,Neutral
This comment requests technical clarification and does not take a position on consumer lending standards.,Neutral
This proposal is poorly designed and will cause more harm than good to community lenders.,Negative
I am concerned this regulation will raise costs for investors with little benefit.,Negative
This regulation strikes a fair balance and should be finalized as written.,Positive
The proposed changes will make consumer lending standards safer and more accessible for fintech startups.,Positive
This proposed rule will provide much needed protection for borrowers.,Positive
It is unclear how this rule will apply to credit unions in practice.,Neutral
We are submitting this comment to request additional data on data privacy rules.,Neutral
I am concerned this regulation will raise costs for fintech startups with little benefit.,Negative
I am concerned this regulation will raise costs for consumers with little benefit.,Negative
The comment period should be extended to allow further analysis of loan servicing.,Neutral
I am concerned this regulation will raise costs for low-income households with little benefit.,Negative
The proposed changes will make mortgage disclosures safer and more accessible for small banks.,Positive
The comment period should be extended to allow further analysis of credit card fees.,Neutral
We request more time to review the proposed changes to credit card fees.,Neutral
I am concerned this regulation will raise costs for fintech startups with little benefit.,Negative
This comment requests technical clarification and does not take a position on overdraft practices.,Neutral
This regulation strikes a fair balance and should be finalized as written.,Positive
The comment period should be extended to allow further analysis of consumer lending standards.,Neutral
The agency has not adequately considered the negative impact on borrowers.,Negative
This proposed rule will provide much needed protection for low-income households.,Positive
The agency has not adequately considered the negative impact on community lenders.,Negative
Could the agency clarify the effective date for community lenders?,Neutral
The compliance timeline is unrealistic and will force borrowers out of the market.,Negative
I am glad the agency is taking action to protect borrowers from unfair practices.,Positive
This regulation strikes a fair balance and should be finalized as written.,Positive
Thank you for proposing clearer disclosure requirements around derivatives clearing.,Positive
The comment period should be extended to allow further analysis of credit card fees.,Neutral
I strongly oppose this rule because it will reduce access to overdraft practices for borrowers.,Negative
The compliance timeline is unrealistic and will force low-income households out of the market.,Negative
This is a well-designed rule that benefits fintech startups without excessive burden.,Positive
It is unclear how this rule will apply to consumers in practice.,Neutral
These reforms will increase trust in credit card fees and help consumers make better decisions.,Positive
Thank you for proposing clearer disclosure requirements around capital requirements.,Positive
This comment requests technical clarification and does not take a position on loan servicing.,Neutral
Please provide additional clarification regarding the implementation of loan servicing.,Neutral
The proposed rule is overly burdensome and will hurt small borrowers.,Negative
The agency has not adequately considered the negative impact on borrowers.,Negative
Please provide additional clarification regarding the implementation of consumer lending standards.,Neutral
This is a well-designed rule that benefits fintech startups without excessive burden.,Positive
The agency has not adequately considered the negative impact on borrowers.,Negative
This proposed rule will provide much needed protection for borrowers.,Positive
This proposed rule will provide much needed protection for investors.,Positive
This is a well-designed rule that benefits investors without excessive burden.,Positive
It is unclear how this rule will apply to borrowers in practice.,Neutral
The compliance timeline is unrealistic and will force borrowers out of the market.,Negative
This comment requests technical clarification and does not take a position on loan servicing.,Neutral
We request more time to review the proposed changes to consumer lending standards.,Neutral
These reforms will increase trust in mortgage disclosures and help small banks make better decisions.,Positive
I strongly oppose this rule because it will reduce access to credit card fees for borrowers.,Negative
I am concerned this regulation will raise costs for consumers with little benefit.,Negative
I strongly support this regulation because it improves transparency for credit unions.,Positive
I am glad the agency is taking action to protect borrowers from unfair practices.,Positive
It is unclear how this rule will apply to consumers in practice.,Neutral
I strongly support this regulation because it improves transparency for small banks.,Positive
The agency has not adequately considered the negative impact on investors.,Negative
This comment requests technical clarification and does not take a position on derivatives clearing.,Neutral
I am concerned this regulation will raise costs for fintech startups with little benefit.,Negative
Please provide additional clarification regarding the implementation of consumer lending standards.,Neutral
This proposed rule will provide much needed protection for fintech startups.,Positive
These reforms will increase trust in credit card fees and help borrowers make better decisions.,Positive
More examples would help low-income households understand how to comply with capital requirements.,Neutral
I strongly oppose this rule because it will reduce access to derivatives clearing for borrowers.,Negative
These reforms will increase trust in derivatives clearing and help investors make better decisions.,Positive
I strongly oppose this rule because it will reduce access to mortgage disclosures for consumers.,Negative
The comment period should be extended to allow further analysis of overdraft practices.,Neutral
It is unclear how this rule will apply to low-income households in practice.,Neutral
The proposed rule is overly burdensome and will hurt small community lenders.,Negative
I am concerned this regulation will raise costs for investors with little benefit.,Negative
I strongly support this regulation because it improves transparency for community lenders.,Positive
It is unclear how this rule will apply to low-income households in practice.,Neutral
I strongly oppose this rule because it will reduce access to mortgage disclosures for low-income households.,Negative
The comment period should be extended to allow further analysis of consumer lending standards.,Neutral
This regulation strikes a fair balance and should be finalized as written.,Positive
The compliance timeline is unrealistic and will force small banks out of the market.,Negative
Could the agency clarify the effective date for investors?,Neutral
This proposal is beneficial for consumers.,Mixed
The agency has not adequately considered the negative impact on investors.,Negative
The comment period should be extended to allow further analysis of credit card fees.,Neutral
The proposed changes will make overdraft practices safer and more accessible for community lenders.,Positive
I strongly support this regulation because it improves transparency for low-income households.,Positive
Thank you for proposing clearer disclosure requirements around consumer lending standards.,Positive
I am concerned this regulation will raise costs for borrowers with little benefit.,Negative
Thank you for proposing clearer disclosure requirements around loan servicing.,Positive
We request more time to review the proposed changes to loan servicing.,Neutral
This comment requests technical clarification and does not take a position on overdraft practices.,Neutral
I strongly support this regulation because it improves transparency for consumers.,Positive
These reforms will increase trust in consumer lending standards and help consumers make better decisions.,Positive
This comment requests technical clarification and does not take a position on loan servicing.,Neutral
The comment period should be extended to allow further analysis of credit card fees.,Neutral
I am concerned this regulation will raise costs for low-income households with little benefit.,Negative
The agency has not adequately considered the negative impact on low-income households.,Negative
The proposed changes will make mortgage disclosures safer and more accessible for small banks.,Positive
The proposed rule is overly burdensome and will hurt small investors.,Negative
Please provide additional clarification regarding the implementation of derivatives clearing.,Neutral
This proposed rule will provide much needed protection for small banks.,Positive
I strongly oppose this rule because it will reduce access to capital requirements for low-income households.,Negative
This is a well-designed rule that benefits investors without excessive burden.,Positive
I strongly support this regulation because it improves transparency for borrowers.,Positive
This proposed rule will provide much needed protection for low-income households.,Positive
These reforms will increase trust in overdraft practices and help small banks make better decisions.,Positive
The proposed changes will make derivatives clearing safer and more accessible for investors.,Positive
I strongly oppose this rule because it will reduce access to overdraft practices for borrowers.,Negative
It is unclear how this rule will apply to borrowers in practice.,Neutral
This regulation will create unnecessary compliance costs for investors.,Negative
This regulation strikes a fair balance and should be finalized as written.,Positive
The proposed changes will make capital requirements safer and more accessible for consumers.,Positive
This proposal is poorly designed and will cause more harm than good to fintech startups.,Negative
We are submitting this comment to request additional data on overdraft practices.,Neutral
Thank you for proposing clearer disclosure requirements around loan servicing.,Positive
Please provide additional clarification regarding the implementation of capital requirements.,Neutral
This regulation strikes a fair balance and should be finalized as written.,Positive
The proposed changes will make credit card fees safer and more accessible for community lenders.,Positive
This is a well-designed rule that benefits community lenders without excessive burden.,Positive
We request more time to review the proposed changes to data privacy rules.,Neutral
This comment requests technical clarification and does not take a position on capital requirements.,Neutral
The proposed rule is overly burdensome and will hurt small borrowers.,Negative
This proposal is poorly designed and will cause more harm than good to credit unions.,Negative
The agency has not adequately considered the negative impact on fintech startups.,Negative
I strongly support this regulation because it improves transparency for credit unions.,Positive
The comment period should be extended to allow further analysis of credit card fees.,Neutral
The proposed rule is overly burdensome and will hurt small fintech startups.,Negative
This proposal is poorly designed and will cause more harm than good to consumers.,Negative
I am glad the agency is taking action to protect low-income households from unfair practices.,Positive
The compliance timeline is unrealistic and will force borrowers out of the market.,Negative
The proposed rule is overly burdensome and will hurt small borrowers.,Negative
I am glad the agency is taking action to protect credit unions from unfair practices.,Positive
This proposed rule will provide much needed protection for investors.,Positive
It is unclear how this rule will apply to consumers in practice.,Neutral
This regulation will create unnecessary compliance costs for investors.,Negative
The compliance timeline is unrealistic and will force community lenders out of the market.,Negative
We request more time to review the proposed changes to loan servicing.,Neutral
This comment requests technical clarification and does not take a position on data privacy rules.,Neutral
The proposed changes will make data privacy rules safer and more accessible for credit unions.,Positive
The proposed changes will make capital requirements safer and more accessible for credit unions.,Positive
More examples would help fintech startups understand how to comply with loan servicing.,Neutral
We request more time to review the proposed changes to mortgage disclosures.,Neutral
This proposal is poorly designed and will cause more harm than good to community lenders.,Negative
Thank you for proposing clearer disclosure requirements around data privacy rules.,Positive
The agency has not adequately considered the negative impact on investors.,Negative
The proposed rule is overly burdensome and will hurt small credit unions.,Negative
This proposal is poorly designed and will cause more harm than good to small banks.,Negative
The agency has not adequately considered the negative impact on consumers.,Negative
More examples would help consumers understand how to comply with loan servicing.,Neutral
It is unclear how this rule will apply to fintech startups in practice.,Neutral
Thank you for proposing clearer disclosure requirements around credit card fees.,Positive
I am glad the agency is taking action to protect consumers from unfair practices.,Positive
Please provide additional clarification regarding the implementation of overdraft practices.,Neutral
These reforms will increase trust in credit card fees and help consumers make better decisions.,Positive
Thank you for proposing clearer disclosure requirements around credit card fees.,Positive
It is unclear how this rule will apply to investors in practice.,Neutral
This rule adds red tape without meaningfully improving consumer lending standards.,Negative
Could the agency clarify the effective date for small banks?,Neutral
This regulation strikes a fair balance and should be finalized as written.,Positive
,Positive
I am glad the agency is taking action to protect fintech startups from unfair practices.,Positive
Thank you for proposing clearer disclosure requirements around derivatives clearing.,Positive
The proposed changes will make credit card fees safer and more accessible for borrowers.,Positive
The agency has not adequately considered the negative impact on credit unions.,Negative
This proposed rule will provide much needed protection for small banks.,Positive
The proposed rule is overly burdensome and will hurt small consumers.,Negative
The compliance timeline is unrealistic and will force consumers out of the market.,Negative
The comment period should be extended to allow further analysis of data privacy rules.,Neutral
I am concerned this regulation will raise costs for fintech startups with little benefit.,Negative
The proposed changes will make overdraft practices safer and more accessible for small banks.,Positive
The proposed rule is overly burdensome and will hurt small investors.,Negative
This is a well-designed rule that benefits low-income households without excessive burden.,Positive
This proposal is poorly designed and will cause more harm than good to investors.,Negative
Thank you for proposing clearer disclosure requirements around consumer lending standards.,Positive
This proposal is poorly designed and will cause more harm than good to small banks.,Negative
It is unclear how this rule will apply to credit unions in practice.,Neutral
More examples would help small banks understand how to comply with credit card fees.,Neutral
These reforms will increase trust in mortgage disclosures and help community lenders make better decisions.,Positive
I am concerned this regulation will raise costs for small banks with little benefit.,Negative
This regulation strikes a fair balance and should be finalized as written.,Positive
More examples would help fintech startups understand how to comply with consumer lending standards.,Neutral
This is a well-designed rule that benefits community lenders without excessive burden.,Positive
I am glad the agency is taking action to protect consumers from unfair practices.,Positive
We are submitting this comment to request additional data on mortgage disclosures.,Neutral
I strongly oppose this rule because it will reduce access to data privacy rules for low-income households.,Negative
Could the agency clarify the effective date for fintech startups?,Neutral
We are submitting this comment to request additional data on overdraft practices.,Neutral
The agency has not adequately considered the negative impact on small banks.,Negative
Please provide additional clarification regarding the implementation of capital requirements.,Neutral
More examples would help low-income households understand how to comply with consumer lending standards.,Neutral
The agency has not adequately considered the negative impact on borrowers.,Negative
This rule adds red tape without meaningfully improving credit card fees.,Negative
The proposed changes will make loan servicing safer and more accessible for community lenders.,Positive
I am concerned this regulation will raise costs for fintech startups with little benefit.,Negative
This proposed rule will provide much needed protection for small banks.,Positive
This proposal is poorly designed and will cause more harm than good to low-income households.,Negative
We are submitting this comment to request additional data on overdraft practices.,Neutral
This proposed rule will provide much needed protection for consumers.,Positive
It is unclear how this rule will apply to borrowers in practice.,Neutral
This comment requests technical clarification and does not take a position on capital requirements.,Neutral
Could the agency clarify the effective date for investors?,Neutral
I am concerned this regulation will raise costs for fintech startups with little benefit.,Negative
The proposed rule is overly burdensome and will hurt small community lenders.,Negative
These reforms will increase trust in overdraft practices and help community lenders make better decisions.,Positive
This is a well-designed rule that benefits small banks without excessive burden.,Positive
It is unclear how this rule will apply to consumers in practice.,Neutral
I strongly support this regulation because it improves transparency for small banks.,Positive
This regulation will create unnecessary compliance costs for consumers.,Negative
More examples would help credit unions understand how to comply with credit card fees.,Neutral
More examples would help fintech startups understand how to comply with capital requirements.,Neutral
This rule adds red tape without meaningfully improving loan servicing.,Negative
These reforms will increase trust in credit card fees and help fintech startups make better decisions.,Positive
I am concerned this regulation will raise costs for low-income households with little benefit.,Negative
The comment period should be extended to allow further analysis of loan servicing.,Neutral
Could the agency clarify the effective date for borrowers?,Neutral
I strongly oppose this rule because it will reduce access to data privacy rules for investors.,Negative
More examples would help small banks understand how to comply with capital requirements.,Neutral
This is a well-designed rule that benefits consumers without excessive burden.,Positive
This is a well-designed rule that benefits low-income households without excessive burden.,Positive
The comment period should be extended to allow further analysis of mortgage disclosures.,Neutral
The compliance timeline is unrealistic and will force investors out of the market.,Negative
   ,Negative
This is a well-designed rule that benefits community lenders without excessive burden.,Positive
This proposed rule will provide much needed protection for small banks.,Positive
I am concerned this regulation will raise costs for fintech startups with little benefit.,Negative
I am glad the agency is taking action to protect low-income households from unfair practices.,Positive
Could the agency clarify the effective date for borrowers?,Neutral
This regulation will create unnecessary compliance costs for fintech startups.,Negative
This is a well-designed rule that benefits borrowers without excessive burden.,Positive
These reforms will increase trust in derivatives clearing and help small banks make better decisions.,Positive
This proposed rule will provide much needed protection for credit unions.,Positive
I am concerned this regulation will raise costs for credit unions with little benefit.,Negative
This proposed rule will provide much needed protection for fintech startups.,Positive
This rule adds red tape without meaningfully improving derivatives clearing.,Negative
I am concerned this regulation will raise costs for investors with little benefit.,Negative
The proposed rule is overly burdensome and will hurt small community lenders.,Negative
I strongly oppose this rule because it will reduce access to loan servicing for low-income households.,Negative
This comment requests technical clarification and does not take a position on mortgage disclosures.,Neutral
The proposed changes will make derivatives clearing safer and more accessible for fintech startups.,Positive
Could the agency clarify the effective date for investors?,Neutral
The proposed changes will make mortgage disclosures safer and more accessible for borrowers.,Positive
This proposal is poorly designed and will cause more harm than good to credit unions.,Negative
This rule adds red tape without meaningfully improving capital requirements.,Negative
This regulation strikes a fair balance and should be finalized as written.,Positive
,Neutral
This rule adds red tape without meaningfully improving data privacy rules.,Negative
Please provide additional clarification regarding the implementation of consumer lending standards.,Neutral
This rule adds red tape without meaningfully improving capital requirements.,Negative
We request more time to review the proposed changes to loan servicing.,Neutral
